text,label
おい ムロ ちょっと来てくれ！,
何か出てきやがった,
あ…,
なっ なんだ これは…,1
ムロ あんたの言ったとおりだ,
ああ… やっぱり この世界は おかしい,
何か秘密が…,
父ちゃん！,
ん？,
見て見て 変な生き物！,0
ナ…,
ナツメ！ お前 ここで何やってる？,0
え…,
まさか 勝手に ついてきたのか？,1
あ…,
えーっと えーっと…,1
アハハハ… 勘弁してやれよ ムロ,0
お前 ナツメちゃんに,0
毎晩 地上の話 聞かせてたんだろ？,
そりゃ 見たくもなるさ,0
なあ ナツメちゃん,
うん！,
ったく…,
ん？,
あっ！,
近い ガドルだ！ くっ…,
撤収だ 急げ！ あ…,
ついてねえな,
チッ… トリピアスか,
ムロ！ 追いつかれるぞ！,
ナツメ しっかりつかまってろよ！,
うん！,
あっ！,
ギアたちだ！,
ヒャッホ 助かったぜ,0
逃げきれるぞ,
ああっ！,
ん…,
うおお！,
ギャー！,
クソ！ イワンがやられた！,
娘を頼む！ 出血が多い,
はい！ あ…,
もう ここもダメだ,
ハッ！ ナツメ！ 分かるか？,
うん…,
しっかりしろよ デカダンスに戻るからな,
ナツメ 父ちゃん すぐ帰ってくるからな,
待ってろよ,
うん,1
出してくれ！ 急げ！,
はい！,
はるかな昔,
人類は 突如として現れた 未知の生物―,
ガドルの脅威にさらされ,
世界人口の９割以上が 失われるに至りました,
未曽有の事態に,
対ガドル戦闘集団“かの力”に 所属する戦士 ギアは,
その英知を結集させ,
移動要塞デカダンスを 完成させました,
ガドル体内に流れる エネルギー,
オキソンを活用した移動要塞は まさに 最後のとりで,
僅かに生き残った人類は,
居住空間として オキソン 貯蔵用タンクを提供されました,
そしてここが,
人類の新たな世界と なったのです,2
以来 数百年,
私たちタンカーは ギアのひごの元,
平和に暮らしてきました,
タンカーの役目は,
ギアたちが戦いに 集中できるよう,
彼らのサポートを することです,2
ギアが戦ったあとは,
私たちが ガドルの肉を解体し,
装甲が損傷すれば 私たちが直す,
そのようにして ギアに尽くすことが,
タンカーの生き方です,2
すばらしい式辞だった,
君たちは今日 この院を出るが,
タンカーの精神を忘れず 仕事に励んでくれ,
では リンメイ 解体工,
やった！,
おお,
さすが リンメイ,
さすが リンメイ,
マルコ 武器工,
マルコ 武器工,
マルコ 武器工,
おめでとう,
マルコ 武器工,
マルコ 武器工,
あ… ニヒッ！,
あ… ニヒッ！,
あ… ニヒッ！,
はい！,
あ… ニヒッ！,
ペス 染色工,
はい！,
入隊拒否？,
どういうことですか！,2
かの力に入れないなんて 聞いたことないですよ！,2
拒否ではない,
入隊許可通知が 届かなかっただけだ,
同じことじゃないですか…,2
理由は 言わずとも 分かるだろう？,
理由は 言わずとも 分かるだろう？,
フフッ…,
理由は 言わずとも 分かるだろう？,
心身共に健康であること,
それが かの力 入隊に必要なことだ,
ん…,
戦士は諦めて 他の仕事に就きなさい,
ああ,1
へい らっしゃい,
５つでだな,0
たけえよ にしろよ,
ハァ…,
ねえ 元気出しな きっとまたチャンスあるって,
うん…,
いただきます,2
ひいっ！,
うあああ！,
あっ ごめん それ 嫌いだったっけ？,
ハハハ…,
励ましてあげようと思って,
かの力に 入隊拒否 されちゃったらしいじゃん,0
ちょっと リンメイ,
拒否じゃなくて 通知が来なかっただけ！,
同じことじゃん,0
アハハ…,
でも その腕じゃ,
戦士になったところで お荷物だし よかったんじゃない？,
あたし めっちゃ トレーニングしてるし,
お荷物になんか なんないもん ほら！,
はいはい じゃあね アハハハ…,
う,
絶対 あたしが倒したガドルを 解体させてやる,
はぐっ,
んっ んっ んっ…,
フッ…,
あのさ,
あたし これでよかったと思うよ,
え？,
あんたの まっすぐなとこ好きだけど,
でも タンカーで 戦士になる人なんて,
ほとんどいないし,
それに 危険だよ,0
お父さんだって…,
だから 私は ナツメに生きててほしい,
フッ…,
ありがと,
あ… フェイ,
いいなあ ギアの人たちは,
ん…,
あたしも 戦士の一族に 生まれたかったなあ,
ねっ だから ガドルとの戦いは,
ギアの人たちに任せてさ,
私たちは… って ナツメ 何やんの？,
え？,
仕事よ,
院長先生が 紹介してくれたんでしょ？,
そうなんだけど…,1
うわあああ！,
たっか…,
おい んっ！,
あっ あの,
あたし ナツメっていいます,2
今日から カブラギ組に お世話になります,2
よろしくお願いします,2
ああ ついてこい,
あ…,
あっ あの,
カブラギ組長のことは 組長って呼べばいいでしょうか？,
あの？,
よし 行け,
え…,
うあああ！,
うっ！,
ハァ…,
ちょっと 何すんですか！,2
これしきでビビってたら 仕事にならん,
お前は そこの掃除だ,0
え？,
うわっ 臭っ！ なんですか これ？,2
腐ったガドルの肉片と 粘液の塊だ,
げえ…,
私 装甲修理の仕事って…,
新入りは５年間掃除,
あ…,
んっ！,
ん？,
んっ…,
タンカーの探索隊,
クレナイさん いるかな？,
ハァ…,
何やってる あ…,
手を動かせ,
あ… すっ すいません！,
フゥ フゥ フゥ…,
だあああ…,
５年も掃除かあ…,
はむっ…,
組長って 毎日それですよね？,2
さすがに 飽きちゃわないですか？,2
問題ない,
あ… じゃあ それが なんか栄養満点な牛乳とか,
ただの水だ,
黙って食え,
ハァ…,
つら…,
はあ,1
お疲れちゃん,
ギャー！ イッ…,
大丈夫？,
あ… お疲れさまです ペンネルさん,2
フェンネルね,
どう 仕事は？ もう慣れた？,
はい！,
組長は 相変わらず 全然しゃべってくんないですけど…,2
まっ あの人は 生まれたときから ああで,
死ぬまで ああなんだよ きっと,0
でさ,
“ああ”な人のことは忘れて どう？ 軽く飯でも,
あ いや,
ナッちゃんの 歓迎会も兼ねてさ,
明日 休みだし,
どうですかねえ…,2
あ…,
ん？,
ハァ…,
おとなしくしてろよ,
こんばんは…,
え？,
ちょっと 組長！,
開けてくださいよ,2
それでたたくな なんの用だ？,
これ 詰所に忘れてあったんで,
ああ…,
あっ！ ちょっ…,
ぶう,
いや あのですね,2
もしよかったら 私の 歓迎会してもらえませんか？,
何？,
明日休みですし もう準備も万端ですし？,2
遠慮する,
むぎゅ…,
なんなんだ お前,0
ふい,
あの その忘れ物 組長のです,2
私が 気付いて 持ってきたっていう,
わざわざ ここまで,
んっ んっ ぷはあ！,
で！ そんなこんなで,
かの力に入隊できなかったんです,2
ひどくないすか？,
戦士になんかなって どうするつもりだったんだ？,
決まってるじゃないすか,
戦いを終わらせるために 頑張りたいんです,2
ムダだな,0
え？,
かの力には タンカーの戦士も 所属してるが,
人にも満たないし,
何より ガドルとの戦いは 終わらない,
むだ死にするより ギアに尽くしたほうが 効率がいい,
でも それじゃ いつまでたっても 何も変わらないじゃないですか,2
何をしても 変えられないものがある,
諦めろ,
組長も みんなと 同じこと言うんですね,2
外の人間は 絶滅した,
この中で 平和に人生を 全うできるだけで十分だろ,
でも！,
ガドルがいなくなれば 本当の平和が来るんですよ,2
夢を見るのは勝手だが,
お前の仕事は 装甲の掃除だ,0
もちろん 仕事は ちゃんとやります,2
でも どうしても 戦士になりたいんです,2
装甲修理人は 装甲修理人として生きるしかない,
それが現実だ,
何も望むなってことですか？,2
そう聞こえたなら そういうことだ,
いっ！,
あれ？ ドアが… 止まれ！,
はい？,
あ… 話は終わりだ 帰れ,
あ… でも 片づけないと,
そんなのはいい ほら 早く帰れ,
さっさと行け,
ギャ！,
えっ！,
何？,
え？ これってガドル？,
うわっ なんで こんなとこに！ ハァ…,
ギュッ…,
チャンス！ 動かないでよ！,
ぐひっ！,
イッタ…,
やめろ こいつは 危険なヤツじゃない,
え？,
あ…,
あ…,
どうしたんですか？ こいつ,2
仕事中に拾ったんだ,
名前は？ あ…,
そんなもんはない,
え かわいそうですよ,2
ん？,
何？ くれるの？,
偉いねえ お前,0
よし じゃあ 今から お前はパイプだ,0
勝手に おかしな名前をつけるな,
でも 気に入ったみたい,
アハハハ…,
ガドルは 親のかたきなんだろ？,1
ん でも この子は違います,2
フゥ…,
あ…,
うっ うあ！,
チップ回収完了しました,
ご苦労さまでした,
エラーコードは です,2
カブラギさん,
あなたは バグの発見 検挙率が著しく低い,
もっと励んでくださいよ,2
それでは “世界にバグは不要です”,2
カブラギさん？,
世界にバグは不要です,2
いいでしょう,
やっぱり 納得いきません,
この前 言いましたよね？ 何も望むなって,
組長の言うとおりなのかも しれませんけど,1
でも あたしにとっては そんなの死んでるのと同じです,2
勝手にしろ,
あの…,
ハッ！,
ガドル！,
ミナト総司令 ガドル群を捕捉しました,
状況は？,
距離,
会敵予想時間は です,2
中型はオクトゥル トリピアス セルドラム,
ユムシ メモス イガーの６種 計体,
大型は ダイランド１体です,2
全速停止,
デカダンス 起動準備だ,
この場で迎え撃て！,
デカダンス全速停止,
アンカー発射,
第１から第４の多重装甲展開！,
デカダンス 固定完了,
メイン出撃ゲート 展開,
出動だ！,
今日も狩りまくれ！,
おお でっけえ！,
ビビんじゃねえぞ,
誰がだ！,
むだ口たたいてんじゃないよ あんたたち 行くよ！,
ヒャッハ うお！,
行くぞ 行くぞ 行くぞ！,
うおおお！,
非戦闘員は ただちに避難してください,2
繰り返します,2
非戦闘員は ただちに 避難してください,2
おい 急げ！,
めんどくせえなあ,
は？,
え？ はい？,
おいおい 頼むぜ こんなときにスタックかよ？,0
あっ！,
ヤベえ ヤベえ！,
焦るな フェンネル,
分かってますよ,2
あと１年で修理人なんだ って！ うわっ！,1
おいっ おわっ！,
フェンネルさん？,
うわあああ！,
ぐっ！,
おわあああ！,
ひっ！,
あああああ！ うわあああ！,
行くぞ！ 撃て！,
うおおお！,
ゾーン 開いたぞ,
行け行け！,
殺せ！,
やれ！,
ぐああ…,
ぎゃああ！,
うわああ…,
うあ…,
くっ！,
ノロマ野郎が！,
んっ！ ふっ！,
ぐああ…,
はあっ！,
こっちだよ！,0
ああっ ああ…,
うああああ！,
うああ…,
んっ！,
くっ…,
借りるぞ,
ひゃああ… クソ野郎,
てめえのせいだぞ,
ううっ！,
あっ ああ…,
あ…,
キャー！,
え？,
く… 組長？,
うわあああっ！,
うわっ！,
うわっ おえっ…,
ギャー！,
おい 見ろよ！,
なんだ あいつ すげえ！,1
ふんっ！,
い… 生きてる…,
すごいっす… 組長…,
うっ おえええ…,
うえっ…,
あとは頼んだぞ ミナト,
ダイランド 射程圏内に入りました,
吸血銛 発射！,
ダイランドがゾーンを展開,
オキソン注入 開始します,2
起動準備 完了しました,
デカダンス 起動だ！,
了解！,
デカダンス上部装甲起動,
メインコア―,
格納開始します！,2
疑似導光繊維 点火,
耐衝撃装具 起動します,2
耐衝撃装具 装備完了しました,
デカダンスキャノン 搬出開始,
デカダンス 合掌完了,
連結準備 開始します,2
デカダンスキャノン起動,
緩衝スタンド 展開します,2
神経ケーブル接続します,2
接続完了,
デカダンス迎撃形態 起動完了しました！,
）,
うおおお！,
ギャー！,
うわああ！,
すっげ…,
た… 助かった,
うおおお！,
やったぜ！,0
うおおお！,
大型ガドル ダイランドのせん滅完了,
各スタッフの皆様 ご苦労さまでした,
オキソンの注入を忘れずに,
適度に再起動を 行うようにしてください,2
すっげ…,
ぐっ ぐぐ… がはっ…,
ううう… 助けてくれ…,
イ… イテえ… 体が…,
あ…,
これが戦場だ,
んっ！,
戦士になりたいって考えは 変わったか？,
よーし いいぞ,
うるせえなあ また始まったぞ,
ったく 勝手に戦場出て 勝手に死んでりゃ 世話ねえな,
彼らは よき息子であり 娘だった,
よき夫であり 妻だった,
よき父であり 母だった,
そして 何よりも,
皆等しく 勇敢な戦士だった,
彼らは この ぼう漠とした 世界の中にあり,
その激烈な生を生きた,
私は 彼らの生き方を誇りに思う,
戦士たちの魂の 安らかならんことを,
うう…,
んだよ オヤジ,0
勝手に死んでんなよ,
うっ ううう…,
デカダンス,
それは ソリッド･クエイク社が おくる―,
かつてない興奮を体験できる 超巨大娯楽施設,
ここは 仮想空間ではなく,
広大なユーラシア大陸が舞台,
プレイヤーは 移動要塞 デカダンスに乗り込み,
すべてが本物の世界を楽しめる,
まず プレイヤーは ギアになって,
割り当てられた素体に,
お好みの カスタマイズをしよう,
準備ができたら 仲間と協力して,
ガドル狩りの冒険に出発,
うおおお！,
これって 死んだらどうなるの？,
ギア素体は生身だからな,
最初から やり直しだよ,0
げっ キツイな,
だから 緊張感あって人気なんだよ,0
お前もやってみろよ おもしれえぞ,0
変幻自在の無重力バトル,
経験を積んで ランキング上位を目指せ,
バラエティー豊かな 武器や防具,
ギア専用フロアの下に位置する タンクの街では,
絶滅危惧種の人間 タンカーとも触れ合える,
そして 満足度％を誇る かつてないスケールの大型戦を,
間近で味わおう！,
大型ガドル,
ダイランド せん滅完了,
各スタッフの皆様 ご苦労さまでした,
オキソンの注入を 忘れずに,
適度に再起動を 行うようにしてください,2
それでは 有益な１日を,
どもども カブラギさん お疲れっす,
ああ…,
見ましたよ,
ん？,
久しぶりの戦場じゃないっすか,
んっ！,
モニターで見たのか,1
ええ カッコよかったっすよ！,
やっぱ トップランカー時代を 思い出しますか？,2
聞いてます？,2
あれ？ カブラギさん？,
つーか オキソン 入れないんすか？,
なんだあ？ 変なの,1
クソ…,
俺は もう二度と戦場には…,
ドナテロさん,
リミッター解除って 知ってますか？,2
誰から聞いた？,
知らねえなら気にすんな,
えー？ 知ってるなら教えてくださいよ,2
てめえみてえな バカ正直なヤツには関係ねえだろ,
そんなあ…,
チラッ ん？,
ハァ…,
マイキー,
その腕がちぎれたら どうなる？,
え？ 痛いですね,2
おい ターキー,
いいじゃないすか やり方は 俺も知りませんし,
大丈夫です 教えてください,2
けっ バカが,
勝手にしろ,
お前の言うとおり―,0
素体の腕がちぎれたところで 痛みって感覚はあるが,
本体の腕が ちぎれるわけじゃねえ,
そりゃ そうっすよ,0
ホントにダメージ受けてたら 誰もやりません,
リミッター解除は その制限を外す,
要は 本当にダメージを受ける,
え？ 危ないじゃないですか,2
ああ,1
本体がスクラップになる 可能性もある,
と同時に 素体の制限も外れる,
だから 運動能力が 上がるってわけだ,
リスクと引き換えに パワーが増す,
そゆこと,
そんなことができるんですか？,2
いや 俺はやってない,
ああっ カブラギさん 動きキレキレなんで,
すみません つい,
痛みに取りつかれたプレイヤーが 作り出した チート行為らしいな,
あんなもんに手を出すのは,
バカか イカれ野郎がすることだ だろ？,
そういうことだ,
ああ…,
聞かなかったことにするが,
聞かなかったことにするが,
おおっ！,
聞かなかったことにするが,
危ない話は,
プライベートモードで やれよ,0
トップランカー諸君,
まもなく 交戦ポイントだ 今日もよろしく頼む,2
ドナテロ様に 任せとけって！,
今日も派手に暴れてやるぜ！,0
そうだな おめえら！,0
おうよ！ はい,
やったるぜ！,0
さあ パーティータイムだ！,
行け 行け 行け！,
うおおおお！,
やあああ！,
ギャ！,
ふんっ！,
カッケえ！,
おお…,
しみる…,
どもども カブラギさん,
おっ！ 高級オキソンすか？,
よお マックス,
ビーム浴びたいって顔してるな,
トップランカーは だてじゃないっすね,
おごってくれるんすか？,
ハァ… しかたないな ついてこい,
やっりい！,
高級オキソンも分けてほしいっす,
それは 無理な相談だな,0
ウヒョヒョヒョヒョ…,
おおおおお！,
ヒャハハハ… ハハハハ…,
あっ マイキー,
最近 順位上げてるって 評判っすよね,
そうなのか？,1
まっ カブラギさんには 遠く及ばないすけどね,
ほう…,
フン,
すみません 時間作ってもらって,
かまわん どうした？,
あ… 実は ここ最近 順位の伸びが悪くて,
カブラギさんに アドバイスを お願いしたくて,
伸びが悪い？,
ええ 最近 停滞してます,2
自分でも 何か足りないって 分かってるんですが,2
あ… なんですか？,2
そうだな,0
俺より ドナテロに 聞いてみたらどうだ？,
うーん…,
えっ！,
カブラギさん それって！,
ダメだ！,
やっぱり！,
リミッター解除のやり方 知ってるんですね！,2
教えてください！,2
あ…,
ありがとうございます,2
お前は 間違いなく トップランカーだ,0
今のままでも いいだろ,
俺 みんなと同じで なんの疑問もなかったんです,2
あ？,
自分が 会社の システムの所有物で,
代わりがきく存在であることに…,
スクラップは 役目を果たした誇りだと,
ずっと思ってました,
でも ランカーになって 変わったんです,2
フッ！,
あっ！,
もうイヤなんです！,2
代わりがきく状態に戻るのは！,
このままだと 俺はきっと,
順位が下がってしまいます,2
い… 一度染まったら 戻れなくなるぞ,
うまくやります！,2
使ってるプレイヤーだって いるんですよね？,2
だからといって,
プレイヤーとランカーが使うのでは 訳が違う,
バグとして スクラップにされちまうぞ,
限界まで あがきたいんです！,2
んっ！,
カブラギさん！,
どうか！ どうかお願いします！,2
％までだ…,
え？,
リミッター解除は ％までにすると約束しろ,
それなら攻撃を受けても 耐えられる,
あ…,
ありがとうございます！ ヘヘッ！,2
お前 何 ニヤニヤしてんだ？ 気持ちわりい,0
あ… すみません 戦場が楽しみで,
順位上がったからって 調子乗んなよ,
違うんです,2
ここにいられるのが うれしくて,
あっ そう,
トップランカー諸君,
まもなく交戦ポイントだ,
今日も頼むぞ,
これだ…,
もっと！,
もっと！,
フッ フフフ…,
世界にバグは不要です,2
うわ！ やめちくり,
あっ うわっ ああ…,
ピポピポ ピポ,
守秘義務違反は 重大なバグです,2
返していただきますよ,2
貴重な資源ですからね,2
ポピー ポピー,
あっ！,
プピー プピー！,
ふむ それは かなり重大な問題ですね,2
チート行為のランカーですか,2
あっ ああ…,
そんな なんで？,
マイキー…,
ギギギ… ガッガガ…,
あ…,
だっ 誰だ！ こいつに教えやがったヤツ！,
ターキーてめえか！ ええっ！,
ぐええっ 違う！,
ドナテロ やめろ！,
愚かな,
カブラギさん,
トップランカーのあなたを 拘束して 申し訳ない,
他のランカーが暴れたための 措置です,2
どうなってる？,
マイキーが 禁止行為である リミッター解除を行い,
スクラップとなりました,
よって ランカーチームは解散,
なっ！ チームに 責任はないだろ！,
あっ！,
リスクと引き換えに パワーが増す,
痛みに取りつかれたプレイヤーが 作り出した チート行為らしいな,
あ…,
くっ…,
これを受け,
ランカー全体の秩序の問題だと システムが判断しました,
あなたは明日から 私たちの 手足として働いてもらいます,2
昼は 装甲修理人,
夜は 回収人をしてください,2
回収人？,
回収人？,
んっ！,
人間たちの中には,
この世界にとって不都合な者たちが しばしば発生します,2
それらは すべてバグです,2
バグが世界にとって どれだけ危険な存在かは,
もう分かっていますね？,2
システムが そのバグを 消去しますので,2
あなたは 人間の中にある チップを回収してください,2
また みずからバグを発見し,
報告もしてください,2
ご不満ですか？,2
私もあなたも 企業の所有物,
プピー プピー 拒否することは…,
システムに 逆らうつもりはない,
よい心がけです,2
ドナテロたちとは違いますね,2
んっ！ どういう意味だ,
彼らは 愚かなことに,
システムの決定に 従わなかったのです,2
故に 矯正施設送りになりました ポピー ポピポピー,
あいつらが…,
では 復唱してください,2
“世界にバグは不要です”,2
ん…,
カブラギさん？,
くっ…,
世界にバグは不要です,2
そんなこと 自分で決めさせろ,
なあ マイキー…,
私に 戦い方を教えてください！,2
私 どうしても “かの力”に入りたいんです！,2
まだ言ってるのか,1
少しは フェンネルを 見習ったらどうだ,
あいつは あれ以来 外に出るのが怖いと言って,
内勤に回ったぞ,
死ぬのも 諦めるのもイヤです,2
何を言ってもムダだ,
分かりました…,
ここまで頼んでダメなら もうしかたないです,2
組長 ごめんなさい！,
なっ！,
いつの間に！,
もし教えてくれないなら パイプのこと バラしちゃいます！,2
なっ！,
そしたら 組長は デカダンスから追放されて,
かわいいパイプちゃんは ひき肉にされちゃいますよ！,2
お前 俺を脅してるのか？,0
そう聞こえたなら そういうことです,2
好きにしろ,
あ…,
すいません！ さっきのはウソです！,2
この写真は 大切にしてます…,2
でも なんでですか？,2
俺は もう 終わったんだ,
死ぬまで 同じ毎日を 過ごすしかない,
ん？,
それも あと少しだがな,
あ…,
こんばんは,
あら いらっしゃい ナツメちゃん,
あっ！ また値段上がりました？,
最近 出が悪くてね,
うん…,
ギリギリだなあ…,0
うん… よし 決めた！,
ん？,
組長？,
え？ なあに？,
んっ！ えっ！,
ちょっと ナツメちゃん！,
ハァ ハァ ハァ…,
あ…,
あれ？ どこだ？,
あっ！ どこに行くんだろう？,
んっ…,
えっ？,
ウソ！,
そんな…,
んっ…,
どうしよう…,
どうしよう…,
組長！ んっ！,
こんなことしないでください！,2
お前 見てたのか…,0
そうか…,
最後がお前のチップとはな,0
皮肉なもんだ,
ん？,
なんだ？,1
なぜ処理されない？,0
さっきから 何 訳分かんないこと言ってんですか！,2
っていうか 寝てる人から お金を盗むなんて ダメですよ！,2
は？,
組長 ホントは そんなことする人じゃないですよね？,2
しっかりしてくださいよ！,2
何があったか分かりませんが,
終わりだなんて言わないで 諦めないでください！,2
んっ…,
私が貸してあげますから！,2
はい！ なけなしの全財産！,
プッ！ ククク…,
ハハハ… あ…？,
むむっ！,
笑い事じゃないですよ！,2
そりゃ 全然 お金入ってないですけど！,2
分かったよ,
もう盗みはしないから 帰れ,
ちょっと なんなんですか その言い方！,2
ちょっと なんなんですか その言い方！,2
ハハハ…,
どうなってる,
すべての人間は チップで管理されてる,
たとえ盗みだと勘違いしても,
確実に処理されるはず,
何？,
どういうことだ？,
なっ！,
なんだと…,1
あいつ…,
システムに認識されてないのか…,1
バグ…,
で！ そんなこんなで,
かの力に入隊できなかったんです,2
ひどくないすか？,
なあ マイキー,
俺は…,
フフフフ…,
その気持ち悪い顔はなんだ,1
なんで 戦い方を教えてくれる気に なったんですか？,2
そうだな,0
この世界で バグが どうやって生きていくのか,1
確かめたくなったんだ,
はあ？ バグってなんですか？,2
お前のことだ,0
え？,
つまり 虫ケラみたいに 弱いって意味だ,
ちょっと ひどくないですか？,2
もし見込みがなかったら 諦めろよ,
え？ イヤです,2
おお！ すんごいですね,2
なんだ 初めて来たのか,1
かの力に 入隊できなかったんで,
うおお！,
これがギアの基地なんですね！,2
なんか 別の世界に 来たみたいです！,2
わ カッコいい！,
ん？ 肌屋？,
なんですか？ これ？,2
あっ！ ちょっと 待ってくださいよ！,2
世界にバグが不要なら,
あいつは 消去されなければならない,
世界にバグが不要なら,
あいつには なんの 価値もないことになる,
だが あのとき,
俺は… 確かに…,
救われたんだ,
なんで 戦い方を 教えてくれる気になったんですか？,2
そうだな,0
この世界で バグが どうやって生きていくのか,1
確かめたくなったんだ,
あいつ バグだったのか,1
ナツメ 父ちゃん すぐ帰ってくるからな,
待ってろよ,
うん,1
出してくれ！ 急げ！,
はい！,
うっ うう！,
うっ うう！,
マズい 輸血だ！,
ハァ ハァ…,
もっと血を足せ！,
なんで戦場に子供が…,
んっ クソ！ 心肺停止！,
フッ フッ フッ…,
エピネフリンだ ２ミリ！,
頑張れ 頑張れ 頑張れ！,
フッ フッ フッ…,
ゴホッ！,
よし 息を吹き返した！,
よく頑張った,
よかった,
このときに,
チップが イカれたってわけか,
えっ いきなり 実戦訓練ですか？,2
ああ…,
それが一番 手っ取り早い,
それが一番 手っ取り早い,
“かの力”に入れるかは 分からんが,
せめて 戦場で 犬死にしないようにしてやるよ,
ついて来れたらな,
の… 望むところです！,2
こんなところに…,
ユムシ,
新人には うってつけの 食肉ガドルだ,
攻撃力も弱い,
ギアも あいつで訓練する,
あっ…,
ギアも…,
まず ガドルと敵対したら,
ゾーンを展開させるのが鉄則だ,
え？,
ちょっと組長！ まだ心の準備が！,
ゾーンは分かるな？,
無視か…,
はい,
ガドルのバリアーですよね,2
ハァ…,
確かに ゾーンは ガドルの防衛反応だが,
そう単純じゃない,
あの中は 特殊な磁場が 発生していて 重力が不安定だ,
え？ え？ え？,
ちょちょちょっ うわああ！ あっ！,
ん…,
ん？ 何この光？,
波が見えるか？,
組長… この キラキラしたやつですか？,2
そうだ,
タンクがあれば 磁場の波に乗れるようになる,
なるほど…,
ん？,
あれは？,
ユムシの体を流れる オキソンの動脈だ,
オキソン…,
ガドルの血ですね？,2
ああ,1
オキソンは デカダンスも動かす 万能エネルギーだ,
攻撃に必要なのは もちろん,
磁場の波に乗るのにも オキソンを使用する,
つまり,
タンク内のオキソンが 空になると制御不能になる,
消費したら すぐに補給しろ,
オキソンに近づきさえすれば,
自動的に補給できるように 作られている,
わ… 分かりました,
中型ガドルは 再生能力が高く,
倒すには 失血死させるしかない,
だが 遠距離から 攻撃したところで,
ピイイイ！,
動脈には届かない,
うええっ！ 変形した！,
ひいっ！,
わっ！,
遠距離もダメで 切っても再生するんだったら…,
接近して攻撃する 早速やってみろ,
ええっ？ うわっ！,
ギャー！,
うわああ！ ぶっ！,
ハッ！,
力を抜いて 波をとらえるんだ 集中しろ,
うわあ！,
あああああ…,
あああああ…,
ユムシは 尻尾だけ 気をつけていれば問題ない,
あああああ…,
あああああ…,
動脈を狙え,
おい 聞いてるのか？,1
ああ… 無理 無理 無理！,
おえええ…,
ハァ…,
うああああ！,
見てろ,
うわっ！,
うっ,
来い うわっ！,
ひいっ！,
対ガドル戦では,
いかに効率よく ヤツらのエネルギーを奪い,
失血死させるかを 常に考えろ,
はい…,
うっ ううう…,
ぎぼち悪いです…,2
泣き言はなしだ,
今のは ただの… 感想です,2
ほお 楽しみだな へ？,0
見てみろ,
仲間のお出ましだ,
えええ？,
なんなんですか ここ？,2
ユムシの巣でもあるんだろ,
本当は ただの チュートリアルゾーンだけどな,
え？,
今度は １人でやれ 感想 楽しみにしてるぞ,
あ…,
え？,
えっ？ 訓練してるの？,
最近 ガドルが攻めてこないし 今のうちと思って,
そういえば オキソン減ってるね…,
もう 超キツくてさ 体 ガッタガタ…,
でも もしかしたら かの力に 入れるかもしれないから,
頑張りたいんだ フフフ…,
やめなよ え？,
タンカーは デカダンスの中に いればいいんだよ,0
この前 解体の仕事で 初めて外に出たけど…,
あんな地獄みたいなとこに出て,
生きて帰って来れるわけないよ,
ギアの人たちだって あんなにたくさん死んじゃうんだよ,0
あんなとこに出たら ナツメ ホントに死んじゃうよ,
その腕で戦うなんて…,
え…,
あっ ごめん…,
そろそろ行くね え…,
明日も訓練なんだ,1
あ…,
分かんないよ…,
うおおおお！,
おお… お？ お？,
あれ？ あれ？ お…,
ぶへっ,
ギャッ！,
うう うええ！,
ぶへえ…,
ぎょえっ,
うおおおお！,
うあっ！ うっ うっ…,
ううっ うああ！ ハァ…,
あ そこら中が痛い…,
戦士の一族とはいえ,
やっぱりギアの人たちは すごいですね,2
見るのと 実際やるのとじゃ 大違い,
そもそも タンカーが ガドルと戦おうってこと自体,1
ムチャな話だからな,
でも かの力にも,
タンカー部隊が あるじゃないですか,2
あれは 一応 許可を受けてるというだけで,
数も圧倒的に違うだろ,
私には 許可も 出なかったんですけどね,2
タンカー最強の女戦士 クレナイ,
あ？,
私 クレナイさんみたいに なれたらなあって,
ずっと思ってたんですよね,2
あんな華麗なのに メチャメチャ強くて,
戦士たちをまとめて…,
クレナイと一緒に戦いたいのか？,1
え？,
かの力に入れなくても 戦場に出ることはできるぞ,
でも 私は全然…,
諦めるか？,
んっ…,
あっ！,
新しい武器買ったんだ,
へえ 次の戦闘 楽しみだな,0
ん…,
私 ちゃんと強くなって かの力に入ります！,2
フッ… 今度は泣き言 言うなよ,
はいっ！,
フッ…,
ひいいい！,
浮遊感に 体を慣れさせろ,
体に よけいな力が入ってるんだ,
波に乗る感覚をたたき込め,
ごはっ！,
モタモタするな スピードが鍵だ,
針の装填を スムーズに できるようになれ,
制御レバーで タンクのオキソン使用量を,
コントロールできる,
方向転換や緊急回避に使え,
あ？,
うっ うう うあああ！,
んっ！,
くっ！,
ふっ！,
ほお…,
やった,
組長 やりましたよ… うっ！,
ううっ…,
前しか見てないからだ 気を抜くな,
んっ！,
カブラギさん,
この日と５時間分,
回収の仕事をされてませんね,
そっちが指定して こないからだろ？,
何か 勘違いしていませんか？,
本来は みずからバグを捜し 報告するのですよ,2
他の回収者たちは 皆そうやっています,2
他の回収者たちは 皆そうやっています,2
ヒイイ…,
周りに １体のバグも いないというのですか？,2
周りに １体のバグも いないというのですか？,2
たす… 助けて！,
周りに １体のバグも いないというのですか？,2
周りに １体のバグも いないというのですか？,2
ヒッ… ヒイイ！,
いないな…,
バグは必ずいます,2
バグは必ずいます,2
や… やめて…,
徹底的に捜し出し 消去する,
徹底的に捜し出し 消去する,
や… やめてください！,2
あなたは なぜバグが世界に不要か 分かっていない,0
秩序を守るためですよ,2
かつて愚かな人間たちは それができなかった,
故に滅びたのです,2
ププピー ププピー,
私たちは システムのために 存在していること お忘れなく,
“世界にバグは不要です”,2
世界にバグは不要です,2
年代後半,
人類によって 大気汚染指数は 致死量を超え,
地球は 生物の生息できる場所では なくなっていきました,
国という概念は滅び,
世界的な影響力を持った企業が 自社サイボーグを開発,
人類が滅びていく一方で,
爆発的にサイボーグが 増加しました,
それを受け 当時すでに,
世界の主導的立場にあった わが社 ソリッド･クエイクは,
全人類の所有権を手にし,
ユーラシア大陸に 巨大なドームを設置,
巨大娯楽施設 デカダンスを開発しました,
こうした人類の 愚かな歴史を繰り返さないため,
わが社は すべての決定を つかさどる―,
全統治独立システムを 導入しました,
システムが自動的に決定し,
１つ１つの個体が実行する,
そうして 秩序ある社会が 形づくられるのです,2
それでは 皆さん,
有益な１日を,
ん？,
組長 おはようございまーす！,
なんだ？,1
お休みの日に すいません,
あの 実はですね…,2
ゲッゲッゲッ…,
パイプ！ 私のこと覚えて…,
ぐえっ,
外に出たいだけだ,
でも ちょうどよかった,
お土産持ってきたんだ,
あ？ ゲエ？,
じゃじゃん！,0
似合うじゃん！ サイズもバッチシ！,0
ゲエ？,
なんのつもりだ,
組長 お礼とか いらんって言うから,
勝手におかしなものを着せるな,
でも これで外に出れますよ,2
ふん,
は？,
大丈夫ですって 絶対 バレませんから,2
いっ！,
ゲッ ゲゲ…,
おい こら！ 待て 止まれ！,
んっ…,
ゲッゲッゲッ…,
フフ… よかったねえ パイプ,
ウフッ,
バグ同士だから 分かるのか…,1
んっ！,
ほら うれしそう！,
ゲェ,
えっ！,
アハハハ…,
で？ わざわざ このために来たのか？,1
あっ 実は…,
なるほどな 気が付いてたか,
はい…,
ここぞってときに,
レバーを握るのが 遅れちゃうんですよね,2
その一瞬が 戦場だと命取りになる,
はい…,
かといって 右手で 武器は扱えないですし,2
なんというか,
私 こいつとは長いつきあいで,
たくさん助けてもらったんです,2
だから ずっと大事なんです,2
特別だし,
でも…,
やっぱ 今回みたいなことがあると,
“弱み”なのかもなあ なんて考えちゃって,1
助けてもらったのになあ… なんて,
ちょっと薄情ですかね,2
あっ すいません 全然関係ない話に,
ついて来い,
え？ どこ行くんですか？,2
えっ ええ…,
ねっ ねえ 組長,
ヤバいですって,2
ここ来ちゃいけない場所ですよ,2
ここだ,
あ？ うっ！ うう…,
うわあ！,
わあ…,
こんなとこに武器屋さんが！,
ゲゲッ…,
ん？ いらっしゃい,
珍しいね カブさんに連れなんて,
しかもペット？ まで,
アハハハ…,
おっ その手,
んっ…,
結構古いものっしょ ちょっと見せてよ,
へ… 変なことしませんか？,
はあ？,
ハッハッハッハ！ カブさん 何この子？,
ん？,
奥 借りていいか？,
来い,
あっ はい,
ササッ,
クックック…,
何するんですか？,2
右手見せてみろ,
組長も 変なことしませんか？,
何言ってる 早くしろ,
そこに座れ 軽い冗談じゃないですか,2
うあああ！,
何するんですか！ 動くな,2
ああっ ちょっ ちょっと！,
ううっ 待ってくださいよ ちょっ…,2
ううっ 待ってくださいよ ちょっ…,2
イッ イタタタ…,
す… すごいですよ 組長！,2
必要に応じて パーツは変えるものだ,
カッコいいし 細かい動きもできる,
それだけじゃない,
わっ！,
イカしてるねえ,
ここがホースバルブだね,
なるほど コンプレッサーは 一体型か,
そしたら…,
針を入れて…,
わっ！,
これでよし,
あ… ありがとうございます,2
組長！ 超カッチョイイっす！,
そいつは 弱みなんかじゃない,
お前の武器だ,0
あ…,
武器…,
あ…,
フフッ…,
ワガママ言ってすいません,
新しい武器を試すのは 当然だ,
あの店長さん いい人でしたね,
たくさん針もらっちゃいました,
ヘヘヘ…,
んっ！ ガドル！,
ムギュッ！,
え？ どこ？,
全然見えない,
うっ うわっ！ 何！,
キャー！,
くっ うう…,
キャー！ わあああ！,
うわあああ！,
な… 何が…,
ハッ！ パイプ！ どこ？,
なんだと？,1
あっ！,
パイプ！,
おい 待て！,
くっ…,
距離,
会敵予想時間はです,2
中型は オクトゥル トリピアス セルドラム,
ユムシ ネモス イガー,
ダルマモス メガロアインの ８種体です,2
大型はいません,
駆動部の損傷％ 移動は不可です,2
第１から第３の サブ出撃ゲートを展開,
この場で迎え撃つ,
んっ,
どうした？,
仕事中悪いな,
実は アレが逃げ出してな,
位置情報を送ってもらえないか？,
何やってんだ お前は,0
不測の事態でな,
ちょっと時間をくれ,
ピョー！,
ピョー！ うおおお！,
行け行け！ 地下戦だ,
やったるぜ！,0
ハァ ハァ ハァ… んっ！,
おいおい… このスピード 車か？,
あいつ…,
ギュッ ギュッ…,
ん？,
ンギュ…,
ギュー 何？,
ガドル！,
あ…,
攻撃反応がない…,
バグ…,
システムに報告するか…,
ゲヘッ ゲヘエ…,
あ…,
ゲエ…,
今日から ここがお前の家だ,0
知ってるか？,
世界にバグは不要なんだとよ,1
ゲハッ ゲハッ,
クソが！,
んっ！,
ほっ！,
あ… うっ！,
ハァ ハァ… パイプ！,
あ…,
パイプ！,
パイプ どこ？,
おい,
あっ！ 組長…,
すいません,
私のせいでパイプが…,
すぐに この辺りも前線になる,
その前に デカダンスに戻れ,
えっ… でも 私もパイプを…,
お前には まだ早い,0
むっ！ って 私だって訓練したんですよ！,2
ハァ…,
ん？,
ニヒッ,
パイプ どこ？,
パイプ！,
うっ うわあ！,
くっ…,
ヒャッホー！,
イエイ イエイ イエイ！,
イヤッホー！,
さすが兄貴 電光石火！,
だろ このまま一気に…,
ぐあっ…,
兄貴！,
ギャアア… あっ ああ…,
ギャー！ うわっ！,
うわあああ！,
うっ… うわあああ！,
うっ！,
ぐあっ！,
ハァ ハァ ハァ…,
ハァ ハァ…,
落ち着け 深呼吸しろ,
パニクったときは 呼吸で 自分をコントロールするんだ,
鼻から吸って 口から吐く,
スーハー,
スーハー,
スーハー,
組長 ありがとう,
スー,
んっ！,
ギャアア！,
んっ！,
はああっ！,
くっ…,
見える…,
見える…,
クソ！ らちが明かねえ！,
１匹でも多く ここでたたくぞ！,
おい あれ,
タンカーだよな？,0
へえ…,
ギョッ ギョッ ギョ,
んっ！ クソ！,
くっ！,
ギョ！,
ふっ！,
うおおおお！,
うっ！ くっ…,
はあああ！,
グオオオオ…,
パイプ！,
パイプ…,
よかった 無事で…,
ん？ パイプもうれしいか？,
フフフ…,
ん？,
なんだ？,1
うわっ！,
ギャー！,
な… 何？,
入ってろ,
クソ！ ダメだ！,
危ない！,
デカダンスに 向かっている 追うぞ！,
んっ！,
おらあ！,
さすが姉ちゃん,
あらかた 片づいたか？,
あ…,
何あれ…,
あっ！ 部隊長 あれを！,
なっ！ 全員退避だ 退避！,
うわああ！,
くっ…,
なんだ あいつ！,1
今だ！ 撃て！,
オオオオ！,
ダメだ！ 硬いぞ！,
接近しろ！,
あっ！ おい！,
うあああ…,
ギャー！,
あっ！ この…,
んっ！,
グアアア,
今よ！,
えいっ！,
ほっせえ足だな！,0
ツラ見せろ おら！,
おとなしく寝てな！,
グウウウ…,
うおおお！,
さすがクレナイだ！,
すごい…,
あれが 最強のタンカー,
さっきは 大活躍だったわね,
ん？ ええっ！,
あっ！ どっ…,
どういたしましてです！,2
あの クレナイさんと一緒に たた… たっ 戦えて 光栄です！,2
私 ナツメです！,2
見ない顔ね どこの部隊？,
あっ あの…,
実は“かの力”には 入ってなくて…,
は？ え？,
あ…,
なんで？,
私はバグなんで…,
バグ？,
虫ケラみたいに 弱いって意味らしいです,2
おい おとなしくしろ 何よ それ,
誰がそんなことを,
あんたが虫ケラなら ソウとリョクは 鼻くそよ,
あああ…,
ア… アハハ…,
ナツメ んっ！,
一緒に かの力で戦わない？,
え？ でっ でも…,
戦う意志を持つ者を 拒むことはしない,
ようこそ かの力へ,
よっしゃ,
よろしくな これから頼むぜ,2
よろしく はい！,2
組長！,
ん？,
やりましたよ！ 組長のおかげです！,2
ありがとうございます,2
死ぬなよ,
そう 組長とやらの 言うとおりよ,
死んだら…,
って カブ様！,
アハハ… いっ！,
どどっ どうしてここに？,
まっ まさか,
まっ まさか,
カ… カブ様？,
カ… カブ様？,
カ… カブ様？,
現役復帰なさったとか？,
変わらねえなあ,
変わらねえなあ,
信じられません！,
変わらねえなあ,
変わらねえなあ,
またカブ様と 戦場で お会いできるなんて！,
またカブ様と 戦場で お会いできるなんて！,
またカブ様と 戦場で お会いできるなんて！,
ハァ…,
またカブ様と 戦場で お会いできるなんて！,
またカブ様と 戦場で お会いできるなんて！,
ブハー ブハー…,
ブハー ブハー…,
進路変更 デカダンス 全速前進！,
目標 ガドルの巣！,
次のイベント 絶対ヤベえだろ,
昔 エベレストって 呼ばれた山らしいぜ,0
寒いって どんな感じ？,
超楽しみなんですけど,2
３日前 ギアの斥候部隊によって,
ついに ガドルの巣が特定された,
本作戦の目的は１つ,
ガドルの巣,
通称〝ネスト 〞の制圧,
ネストは―,
この山の山頂付近に 位置しているが,
見てのとおり,
濃霧に覆われ 視界が悪い,
そのため 本作戦は,
すべて地上部隊で行うものとする,
ギアの斥候部隊によると,
この霧を発生させている ガドルがいるらしく,
まずは そいつを 排除する必要がある,
そこで 第６部隊には ギアの部隊と共同して,
目標となる ガドルαの 排除に当たってもらう,
目標は ここ,
メートル地点にある 岩の裂け目に位置している,
当然 高地での作戦となるため,
体力の消耗が激しい,
迅速な行動を心がけてくれ,
はい！ そして！,
あ…,
続けてもいい？,
うっ… あっ いや その,
ううう… すいません,
そのくらいにして 説明を続けるわよ,
それでは次に 第１から第５の主力部隊だが…,
何？ 戦士部門に？,
ああ 先日の戦闘が 評価対象になってな,
んっ！,
ほら 見てみろよ,
これは…,
ランカーの時を 思い出すだろ？,
そうか… だが俺は…,
お前は もう十分に償ったよ,0
あんな汚れ仕事もしてな,
んっ…,
修理部門にも 話が通ってる,
戻ってこいよ,
でも ランカーは 廃止されただろ？,
俺に何ができる,
これは ここだけの話だが…,
次のイベントは クリア不可能なんだ,1
何？,
ガドルαは,
恐らく Ｓクラスのギアでも 倒すことは不可能だろう,
つまり 霧が晴れることはない,
そして 大多数のギアが殺され,
デカダンスは 絶望のふちに立たされる,
そんな中 伝説の戦士たちが 戻ってくるってストーリーなんだ,1
その１人に お前が 選ばれたってわけさ,0
ハッ！,
まあ やることは ランカーと変わらんがな,
つまり 次のイベントに 参加した連中は…,
Ａクラス以下は ほぼ全滅だよ,0
過激なほうが ユーザー受けが いいんだとさ,
おい カブ,
聞いてんのか？,1
あっ ああ なるほどな,
俺はさ,
またお前とやれるのが うれしいんだ,0
まっ そういうわけだから,
次のイベントが終わるまで おとなしくしてろよ,
ああ…,
本作戦は間違いなく 過去最大の戦いになる,
心してかかってくれ はい！,
決行は 明朝４時とする,
以上 解散！,
この子は ナツメ,
ミンディ ムンディ メンディ,
３つ子で あなたを除けば 最年少の戦士よ,
同じ第６部隊に入るから 面倒見てあげて,
はい！,
それじゃ 任せたわよ,
そういうわけだから,
多少動けるのは知ってるけど,
戦場では チームワークが重要よ,
独断専行は 絶対に避けて,
はい！ 肝に銘じておきます,2
じゃ よろしくね,2
よろしくお願いし…,2
ハッ！ あっ…,
ああっ！ すいません！ まだ慣れてなくて…,
つ… 使い慣れてない武器なんて,
戦場じゃ なんの役にも 立たないわよ！,
え…,
おい 姉ちゃん,
何言ってんのよ,
調子こいてたら むだ死にするだけ,
分かった？,
おっ おい,
ちょっと どうしたのよ,
あんな言い方しなくても,
あっ あ…,
んっ！ あ！,
フェイ！,
ナツメ…,
早めに来いよ,
あ…,
久しぶり フェイ 元気だった？,
いや たまには ごはんでも どうかなって思ってさ,
ね？ どう？,
ん…,
ごめん 忙しいから,
え？,
待ってよ フェイ！,
どうしたの？,
別に…,
どうせ 私が何言っても 聞かないんでしょ？,
ナツメには もう ついていけないってだけ,
フェイ！ フェ…,
あんたのも 早く運んで！,
ごめん ごめん あっ…,
あ…,
んっ！,
組長じゃないですか！ どうしたんですか いきなり？,2
あっ どうぞ どうぞ 狭くて汚いとこですが,2
っていうか 私も,
ちょうど 組長のとこ 行こうとしてたんですよ,2
ほら 牛乳！,
パイプに おすそ分けしようかと思って,
最終決戦だし 景気づけに,
作戦に参加するんだな…,0
あっ もしかして 組長も 一緒に戦ってくれるとか？,
ウソ！ すごい！,
組長がいれば 百万人力ですよ！,2
ナツメ… お前は よくやってる,0
短期間で あそこまで 戦えるようになるのは,
ギアでも なかなか難しい,
あっ ありがとうございます,2
だがな 今回の作戦に限っては別だ,
お前には まだ早い,0
大丈夫ですよ 組長の教えは 守りますもん,2
戦場には行くな,
え？,
応援してくれてたじゃないですか,2
この作戦が成功すれば 世界は平和になるんですよ,2
成功しないし 世界も平和になんかならない,
ハッ！,
組長 どうしたんですか？ なんか変ですよ？,2
戦いは この先も ずっと終わらない,
何言ってるんですか！,2
ガドルの巣が 見つかったんですよ！,2
お前が 知らないだけで,0
巣なんて 何度も見つかってる,
は？,
そもそも 巣なんて存在しない,
なんですか… なんで そんなウソつくんですか？,2
ウソじゃない,
だって 今 見つかったって！,
どれだけ この戦いが 続いてきたと思ってるんだ！,
何百年だぞ！,
だから それを終わらせるために 訓練して…,
そうじゃない！,
この世界は 作られ…,
あっ あ…,
誰にも 変えられないんだ,
イヤです 私 絶対やめません,2
むだ死にするだけだ,
頼むから 戦場には行かないで…,
イヤです！,2
なんで分からない！,
お前に死んでほしくないんだ！,0
イヤだ！ 絶対やめない！,
私が どう生きるかは 私が決める！,
んっ！,
くっ…,
うっ…,
ハッ！,
今回は諦めろ,
うっ うう…,
これでいいんだ,
世界の平和に,
乾杯！,
どうだ 何回やっても 気分いいだろう！,
もう回は やりましたよ,
細かいことは いいんだよ,0
ほら 乾杯だ 乾杯！,
か… 乾杯！,
フ,
クレナイさん んっ！,
やあ 楽しんでる？,
あっ はい もう おなかいっぱいです,2
そうは見えないけどね,
あ…,
作戦の辞退でも 言いにきた？,
え…,
それは 自分で決めたの？,
はい…,
そっ,
なら いいんじゃない？,
でも 顔は洗ってきたほうが いいわね,
んっ… あの！,
あの… クレナイさんって,
やめようと思ったことって ないんですか？,2
戦うの,
そんなの万回以上あるわよ,
え… じゃあ…,
カブ様に似合う女になるために 決まってるでしょ,
アハハ…,
あっ じゃあ 失礼します,2
あんたは なんで 戦おうと思ったの？,
装甲の修理も 戦ってることに 変わりはないでしょ？,
ナツメが命を賭けて 戦う理由って？,
それは…,
私は,
この中に閉じ込められてると,
時々 生きてることを 忘れそうになる,
だから 地上に出て 戦うんですか？,2
こんな狭くて汚い場所で,
ただ漫然と生きるなんて 私は耐えられない,
何見てるの？,
おいで ナツメ,
これは 大昔に人間が 住んでいた都市だよ,0
わあ すごい,
これは かつての 移動型要塞の一部,
昔のデカダンス？,
そうだよ,0
あれは？,
滝だよ,0
山に降った雨が流れ落ちるんだ,
へえ,
フフッ…,
キレ,
ハハッ すっかり 日課になっちまったな,
うん！,
ナツメ 世界が平和になれば,
俺たちも地上に 住めるようになるんだ,
ホントに？,
ああ,1
どこにでも 好きなところに 住んでいい,
それが本来 人間に許された 自由なんだ,1
じゃあ 私も戦士になる,
そんで 戦いを終わらせる！,
いいでしょ？,
あ…,
大丈夫？ ナツメ,
またやったよ こいつ,
あんた邪魔だから 引っ込んでてよ,
でも その腕じゃ,
戦士になったところで お荷物だし よかったんじゃない？,
戦士は諦めて 他の仕事に就きなさい,
タンカーは デカダンスの中に いればいいんだよ,0
その腕で戦うなんて…,
誰にも変えられないんだ,
いつもこうだ,
あんた いつまで食ってる気よ？,
いいじゃないすか,
最後の晩さんなんで,
ハァ ハァ…,
世界を変えたかったんじゃない,
私 ホントは 自分を変えたかったんです,2
私 ホントは 自分を変えたかったんです,2
ん？,
私 ホントは 自分を変えたかったんです,2
イヤなんです 今の自分,2
自信持ちたくて,
だから あの…,
それが 私の戦う理由です,2
フフッ…,
ああ！ 最後の肉が！ うわああっ！,
じきに出発よ 来るんでしょ？,
はい！,
はむっ はむっ…,
あっ！,
へも ほのまふぇに,
んっ！,
お金貸してもらえますか？,2
は？,
分後に イベントが開始されます,2
スタッフの皆様は,
スタッフの皆様は,
ハッ！,
ハッ！,
ハッ！,
ただちに 所定の位置に ついてください,2
ただちに 所定の位置に ついてください,2
ただちに 所定の位置に ついてください,2
なんだと,1
なんだと,1
繰り返します,2
繰り返します,2
戦場に出る気か,
戦場に出る気か,
戦場に出る気か,
分後に イベントが 開始されます,2
分後に イベントが 開始されます,2
分後に イベントが 開始されます,2
あのバカ…,
分後に イベントが 開始されます,2
いいか お前ら これが最後の戦いだ！,0
なんとしてでも 任務を達成する！,
いいな！ はいっ！,
出撃！,
うおおおお！,
ヒャッホ！,
グルルル…,
） 大きくなったな 伊織,
年ぶりか？,
それくらいに なりますね,2
これからは家族だ 敬語なんて よせやい,
はい 分かりました,
分かってねえよ,
ん…,
“ダイビングショップ グランブルー”,
どうだ 立派なもんだろ,
車を置いてくるから そこらでも見ててくれや,
あ… はい,
大学進学を機に―,
おじさんの家に 居候することになり―,
年ぶりにやってきた海沿いの街,
聞こえてくる潮騒と 照りつける太陽,
わあ… うっ！,
ハッ…,
おお…,
あ… 伊織 どこだ？,
あっ はい！ 今 行きます！,2
あの子 見覚えがあるような…,
今までとは違う環境で 俺は どんな出会いをするのだろう,
うおお！,
アウト！ セーフ！ よよいの…,
ハァ…,
俺は どんな出会いを…,
よよいのよい！,
うっ… 俺の望んだ新生活…,
伊織 へっ？,
改めてようこそ 俺の店へ,
おじさん！ なんですか このおかしなのは,2
ん？ ああ よく言われるんだよ,0
俺に このエプロンは 似合ってないって,
そうじゃなくて！,
服のことじゃないのか？,1
服のことですよ！,2
ん？,
）あーあ,
出した！,
いつもの光景だが…,
実家に帰らせていただきます！,2
ホームシックか ）店長 今のは？,
伊豆大に入る おいっ子だ,
おいっ子が伊豆大に？,
ってことは 時田…,1
そうだな 寿,0
新人ゲットのチャンスだ,
ハァ… ハァ…,
なんで店の中にあんな変態が…,
うおおおお！,
待てや 新入生！,
外に出てくるのかよ！,0
待て 新人！ なぜ逃げる！,0
逃げるに決まってるでしょ！,
さてはお前 人見知りの シャイボーイだな？,0
自分の格好 分かってます？,2
そんなことは どうでもいい！,
いいわけあるか！,
とにかく 俺たちの話を聞くんだ,
ヒイイ…,
イヤだ！,
おかえり 伊織 ホームシックは治ったか？,
だあっ！ まあ―,
男はいずれ 親元を離れるもんだ,
大丈夫 すぐに慣れるさ,
なぜ 俺のホームシックで 話が進められてるんだ,0
違うのか？ 違いますよ！,2
店に入ったら全裸祭りだったから 驚いて逃げたんです,2
お前は 俺たちが好きで こんな格好をしているとでも？,0
違うんですか？,2
否定はしない,
変態だ…,
あれは タンク準備の ジャンケンをやっていただけだぞ,
タンク準備？,
ダイビングの時に使う機材だ,
ああ あれか,
それをジャンケンで 決めてたってわけだ,
はあ… それで？,
それでとは？,
それが全裸となんの関係が？,
野球拳をしたら 全裸になるのが常識だろ？,
あなた方は 野球拳以外の ジャンケンを知らないんですか！,2
俺は 寿竜次郎 伊豆大機械工学科の３年だ,
北原伊織です 同じ学科なんですね,2
そうか,
サークルに 同じ学科の後輩が入るのは,
うれしいもんだな,0
入るとは 言ってませんけど…,
フッ そんなもの 目を見れば分かるさ,
そうですか,2
ううっ…,
ダイビングに興味は？,
ありますよ そうか！,2
でも やる気はありません,
なぜだ やってみたくないのか？,0
俺 泳げませんから,
ん？ ハハッ！ さてはお前 国語が苦手だろ,0
なんですか 急に,2
だって“やりたい”か “やりたくない”に,
“できる”“できない”で 答えるなんて…,
でも 海に潜るのに 泳げないなんて…,
そんなもん どうにでもなる,
どうにでもって そんな…,
最初から 自分ができるものだけ 選んでいたら 何も始まらない,
大事なのは お前が興味を 抱いているかどうかだろ,0
下見 お疲れさまです,2
）あ…,
タンク 置いてきますね,2
ありがとう,
あっ,
お？,
いらっしゃい 伊織君,
はい はじめまして,
はじめまして？ 私のこと 忘れちゃった？,
えっ？,
いとこの顔 忘れるなんて 冷たいなあ,
すみません 気が付かなくて,
年ぶりだもんね 千紗ちゃんには もう会った？,
いえ まだです,2
会ったらビックリするよ,
とびっきり かわいくなったんだから,
さっきまで 一緒に潜ってたんだけど…,
あっ もしかして…,
時田君たちの サークルに入るの？,
いえ,
ダイビングは嫌い？,
嫌いじゃないと思いますけど…,2
じゃあ なんで？,
せっかく男子校を卒業したんで 距離を取りたいんですよ,2
距離？ 何から？ それは…,
こういう男子校のノリって やつからですよ！,2
おっ 戻ってきたか,
片づけ お疲れさん！,
とりあえず 服を着てください,2
じゃあ 伊織君のこと よろしくね,2
うーっす！ うわああ！,
さあ 今日はお前の歓迎会だ！,0
待ってください！,2
俺はサークルに入る気ないですし そもそも…,2
それ以上 言うな あ…,
いいか 伊織,
なんですか？,2
お前は 食わず嫌いが 多いように思える,0
別に そんなこと…,
あるだろう？,
やったことがないのに 文句を言っているんだから,
それはよくないな やったこともないのに―,
全裸で公道を走るのは よくないなどと…,
それは こっちが正しくないですか？,2
とりあえず これを飲んで 野球拳から始めてみるべきだろう,
何事も経験だ,
それ 絶対必要のない 経験ですよね！,2
世の中に むだな経験なんてものは 存在しない,0
だまされたと思ってやってみろ,
断固拒否します,2
そこをなんとか,
減るもんじゃないし,
やりません,
俺はそんなノリには 絶対 染まりませんから！,
あれって 伊織だよね,0
年ぶりか…,
だっしゃー！ ナンボのもんじゃい！,
やるじゃねえか 伊織！,
３人抜きたあ 恐れ入ったぜ！,0
早く負けて―,
俺のご立派様を お披露目したいです！,2
よく言うぜ！ どうせ つまようじだろ？,0
何人かかってこようとも 俺のパンツは…,
あっ 千紗ちゃん おかえりなさい,
ただいま,
コホン,
よう 久しぶりだな 千紗,0
俺のこと 覚えてるか？,
えっ？,
これ もう捨てないとダメみたい,
俺の手 そんなに汚いのか!?,1
伊織が こんな頭の悪い人間に なってるとは思わなかった,
違うんだ！ うう…,
クッ！ なんで こんなことに…,
お前 千紗ちゃんと いとこなんだって？,0
美人のいとこと同居とは ぜいたく者め,0
たった今 汚物のように 扱われたばかりですけどね,2
でも いいんです,2
同じ家に奈々華さんが いるんですから,2
ああ…,
それは諦めろ 伊織,
どういう意味ですか？,2
いやな 奈々華さんは 隠してるつもりだろうし,
実際 当事者にだけは バレちゃいないんだが…,
あの人 重度のシスコンなんだ,1
この年で 何があったんだ!?,
あんまりだ…,
今日 会った人の中で 唯一の癒やしが…,
気にするな バラ色の家庭環境なんて,
手に入らないのが普通なんだからな,1
まあ 確かにそうですね,2
家の中にドラマなんか 求めちゃいけませんよね,
そうそう,
それなら その分 大学生活で頑張ります！,2
おお 燃えてるな！,
さて 二次会 行くか！,
んだな！,0
）俺は帰るわ,
明日のバイト 朝早いし,
）俺も終電,
じゃ 俺も…,
お前は終電とか関係ないだろ？,0
家はここだもんな,
いやいやいや！ 明日の９時から 初日のガイダンスですから,2
なあに 大丈夫だ 任せておけ,
絶対に遅刻しないようにしてやる,
はあ…,
んん…,
うっ 頭が痛い… あっ,
あんな飲み会に つきあったせいだ,
えっと 何時だ？,
げっ！ 遅刻寸前じゃん！,0
お？,
えっ…,
なっ これなら 絶対に遅刻しないだろ？,
あんたらバカか！,
ハァ…,
希望に満ちた 新たな出会いと―,
新たな生活は…,
あれが 講堂の前で 酔いつぶれてたっていう…,
入学と同時に 灰色に染め上げられていた,
ねえねえ あの人,
わっ ちょっと かっこよくない？,
ん？,
ふうん…,
へえ 確かに美形… えっ！,
）ん…,
フッ…,
フッ…,
こいつとだけは関わるまい,
説明は以上です,2
説明は以上です,2
サークル見学 行こうぜ,0
どこから行く？,
サークル見学かあ…,
あ…,
千紗！ お前はサークル見学に…,0
お… おい！,
そんな格好で話しかけないで,
あ… 言われてみれば,
帰って服を着たいが 帰り道が分からん,
じゃ 私は帰るから,
よし そうしようか,
どうして ついてくるのよ,
道案内してもらおうと思って,
絶対にイヤ どうして？,
言われなきゃ分からないの？,
いや なんとなく分かる,
できれば はっきり分かってほしいんだけど,
じゃ 私は帰るから,
お前が一緒に帰りたくないのは 分かった,0
でも 俺も困っているんだ だから お前の服をくれないか？,0
半裸の変態が 着ている物を よこせと迫ってきていて…,
待ったー！,
いとこだよな 俺たち,0
俺の困り事はお前の困り事 お前の服は俺の服,0
そういう助け合い関係だろ!?,
ちょっと やめて そういうことを大声で言わないで,
そういうこと？,
その… いとことか そういう…,
なるほど それじゃあ,
服をくれなかったら 俺とお前が―,0
一緒に暮らしていることを 言いふらす,
あ… クッ…,
分かった おっ,
脱ぐ 脱ぐから…,
お願いします 家のことは 言いふらさないでください,2
ちょい待った そのセリフって,
はたから見ると すっげえ犯罪臭が…,
ハァ… ハァ…,
半裸の怪しい男が 来ませんでしたか？,
俺が一体 何をしたっていうんだ,
お前 何やってんだ？,0
うわああ！,
って なんだ お前か,0
いろいろと事情があるんだ,
事と次第によっては 助けてやらんでもないが,
お前 実は いいやつだったんだな,0
今村耕平だ で 何があったんだ？,
聞いてくれ！ 千紗のやつ 俺を家まで連れていかない上に,
服すら脱がないんだ,
警備員さーん！,
ワンモアチャンス プリーズ！,
ストーカーに強制わいせつ 話を聞く余地なんかないだろ,
それには事情が！,
なら その事情ってやつを 留置場で話すこった,
じゃあな 待った！,
話はもういい その代わり…,
着ている物を脱いでくれ,
ハァ… ハァ… ハァ…,
どこ行った？,
あの野郎！,
変態！,
とはいえ 服をなんとかしないとな,
ほかに知り合いといえば…,
ダイビングサークル “  ”でーす,
いないか…,
もう大丈夫だぞ,
フゥ… 助かりました,
で？ なんだ？,1
服を貸して もらえませんか？,
変なことを言いだすやつだな,0
このあと飲みに行くなら 二度手間だろう？,
俺が酒を飲む上に―,
服まで脱ぐことを 前提としてませんか？,
今日は 新入生歓迎コンパだぞ！,
それはいいですが とりあえず 服をなんとか…,2
じゃ 誰か新人を１人でも 引っ張ってきたら 服を貸してやる,
乗った！ ところで あてはあるのか？,1
ええ 任せてください！,2
クソッ！ どうしてだよ！,0
どうして 俺が中心の,
女子高生美少女ハーレムサークルが ないんだよ！,0
お前…,0
諦めるなよ 耕平,
諦めなければ 夢はかなう,
世の中ってのは そういうもんだろ？,
だが… 現実は冷たいんだ,
クッ！ どいつもこいつも “寝ぼけるな”だの,
“大学に女子高生がいるか”だのと,
わけの分からないことばかり…,
大学に来たら 新世界が広がって,
夢のような生活が 待っていると思ったのに…,
あるさ えっ？,
新世界も夢の生活も,
ただ お前はその入り口に 気付いていないだけなんだ,0
そう… なのか？,1
どうだ？ 一緒に 夢の入り口に踏み込んでみないか？,
あ…,
ウエールカーム！,
謀ったな！ 貴様！,
フゥ… 服は人類の 英知のひとつだなあ,0
さあ 新歓コンパを始めるぞ！,
おお！,
伊織！ 何飲む？,
ウーロン茶でお願いします,2
よし 分かった,
ほい ウーロン茶,
これは 俺の知ってる ウーロン茶じゃない！,
何を言う,
ウーロン茶の色がついているだろ,
しかも 色だけじゃなく―,
火もつくんだぞ,
火がつく時点で 大部分がアルコールだ！,
なら 水でどうだ,
どうして火がつくんですかね,2
可燃性なんだろ,1
色は水だから 気にするな,
あなた方は 色でしか 飲み物を判別できないんですか！,2
それじゃ いくぞ！,
杯を乾すと書いて！,
乾杯と読む！,
乾杯！,
うう…,
おっ 千紗 来てたのか,1
あ…,
お父さんが行けって,
このサークル 入るのか？,1
不本意ながら 伊織は？,
俺は 御免被る,
ふうん… 逃げきれるの？,
は？,
ヒャア！ アアッ！,
ワッショイ…,
こら 伊織 きちんと乾杯をしないとダメだぞ,
待って イヤ… イヤー！,
バーカ,
杯を乾すと書いて！,
乾杯！,
うおおお！,
くああ！ 濃いなあ,
水も飲まないと倒れるぞ,
ああ どうも,
ハァ…,
ウォッカー！,
いい飲みっぷりだな 北原伊織,0
耕平！ これは復讐のつもりか？,
そんなつもりはない ただ―,
１人くらい潰して入会させないと 脱出できないように見えてな,
そうか… 確かに 誰かが犠牲になればいいんだよな,0
分かってくれたか？,
ああ お前を連れてきた責任もある,0
俺が酒を飲むから お前は ウーロン茶でも飲んでいてくれ,0
おお なんて美しい 自己犠牲の精神なんだ,1
貴様！,
別に 犠牲になるのが 俺である必要はないよな！,0
この外道が！,
こらこら ケンカはいかんぞ,
どうしても もめるなら 勝負にしろ,
勝負？ ああ,
代々 伝わる “ＰａＢ式”のにらめっこだ,
ルールは簡単,
口に含んだ酒を噴いたら負け それだけだ,
分かりました うん,
にらめっこしましょ   ！,
グイイイ…,
耕平 真面目な話をしてみるのも １つの手だぞ,
真面目な話？,
ああ 笑っちゃいけない状況では,
意外とそんな話で 笑っちまうもんだ,
なるほど… じゃ 俺の悩みでも話してみます,2
ここだけの話なんだが 実は 俺―,1
こう見えて 昔はオタクだったんだ,
ブフォー！,
フッ… 驚きを隠しきれなかったようだな,0
隠しきれてないのは お前のオタクのほうだろ！,0
伊織 粗相だな,0
えっ,
こんちくしょう！,
ううっ フッ…,
にらめっこしましょ   ！,
あ… 伊織,
）おい 大丈夫か？,
バスケが… したいです,2
ブゥー！,
おっしゃ！ お前も飲んでもらうぞ,0
えっ…,
また粗相だな 伊織,0
ブハーッ やってくれるじゃねえか,
貴様こそな！,
こうなりゃ とことんやってやらあ！,
上等！ 白黒はっきりさせてやる！,
にらめっこしましょ   ！,
まったく お前らは… ほれ,0
み… 水… 助かります…,2
それにしても 意外だった,
ん？,
お前らが そんなに飲みたがりだったとは,0
その酒なら お前らも満足できるだろう？,0
水じゃねえ！,
伊織君 お友達と一緒に サークル入ってくれるみたい,
そりゃよかった,0
うん,1
でも ２日連続で外泊なんて ちゃんと注意しなくっちゃ,
てめえの… せいだ,
いいや… お前が悪い,0
ハァ… 本当にあのバカは,
ほれ 北原 マイク,
俺もかよ,0
よっしゃ いくぜ！,0
おお 歌え歌え！,
ノリノリだな,0
すいませんでした！,
女子大… だと？,
お願いします 奈々華さん！,2
遊びたいのは分かるけど…,
ですが 大将！,2
ダメです！ そこをなんとか！,2
ねぇ ｷｽしようか｡,
《咲太:そう言って 僕をからかってきた彼女は…｡,
彼女って… 誰だっけ？》,
｢この先に記されていることは,
正直 信じられないようなことだと 思うけど,
全部 本当のことなので 必ず最後まで読むように｡,
必ずだ｣｡,
なんだ これ？,1
｢５月６日 野生のﾊﾞﾆｰｶﾞｰﾙに出会った｣｡,
ん？,
なんだ ありゃ!? ｼｯ！,1
驚いた｡ 君には まだ 私が見えてるんだ｡,
それじゃ｡,
あの… 桜島先輩ですよね？,2
私を先輩と呼ぶってことは 君 峰ヶ原高校の生徒なの？,1
２年１組の梓川咲太です｡,2
梓川ｻｰﾋﾞｽｴﾘｱの梓川に 花咲く太郎の咲太｡,
私は桜島麻衣｡,
桜島麻衣の桜島に 桜島麻衣の麻衣｡,
知ってます 先輩 有名人だし｡,2
ひとつ忠告してあげる｡,
今日見たことは 忘れなさい｡,
それと 金輪際 私に関わらないように｡,
わかったのなら はいと言いなさい｡,
かえで 朝だぞ 起きろ｡,
お兄ちゃん 寒いです｡ 重っ｡,2
かえでの半分は お兄ちゃんへの 思いで できてるんです｡,2
なんだ そのｲﾀｲ設定は｡,1
かえでも いい年頃なんだから,1
僕のﾍﾞｯﾄﾞに もぐりこむのは そろそろ卒業しろよ｡,
朝から興奮してしまうんですね｡,2
実の妹に 誰が興奮するか｡,
なぁ 国見はﾊﾞﾆｰｶﾞｰﾙ好きか？ いや そうでもない｡,
なら 大好きか？ ああ 大好きだ｡,
例えば 図書館で 魅力的なﾊﾞﾆｰｶﾞｰﾙに出会ったら,
国見は どうする？ 二度見するな｡,
だよな｡ そのあとｶﾞﾝ見する｡,0
だよな｡,0
なぁ 国見 桜島先輩のこと,
見えてるよな？ そら ﾊﾞｯﾁﾘと｡,0
あの人は どういう人なんだろう｡,1
うん そら 有名人じゃん？ ま そうだよな｡,0
活動休止中とはいえ 芸能人じゃん？,0
ああ うちの学校にいると 知ったときは,
さすがに驚いた｡,
咲太が 牧之原翔子以外の女子に 興味を持つのは,
喜ばしいことなんだが さすがに あの人は無理だろ｡,1
僕は 告白するとも 好きになったとも言ってないぞ｡,
じゃあ なんだ？,1
いや 学校じゃ 誰かと一緒にいるの,
見ないよなって思って｡,0
いつも一人っつうかさ｡,
佑真 おはよ｡ おう 上里 じゃあな 咲太｡,
部活の先輩に 聞いたんだけど,
桜島先輩 １年の最初の頃は 全然学校来てなかったらしい｡,
なんで？ 仕事｡,
中学卒業と同時に 活動休止宣言したはいいけど,
その前から出演が決まってた 作品もあったんで,
忙しかったらしい｡,
まともに 学校来るようになったのは,
夏休み明けだったって｡,
そりゃ しんどいな｡ だろ｡,0
《１年の途中から入ってきた 芸能人の桜島先輩は,
完全に異分子だ｡,
一度決まったｸﾗｽの形は そう簡単には変わらない｡,
目立てば 誰かにｳｻﾞいとか 調子に乗ってるとか,
陰口をたたかれる｡,
そうなったら もう 元に戻れないことを,
みんな知っている｡,
それが 学校という空間｡,
誰も桜島先輩に話しかけられない｡,
目立ちたくない 浮きたくない｡,
だから 桜島先輩も その空気を読み,
自分の空気を演じてるんだ きっと》,
あのさ 話あるんだけど｡,
単刀直入に言うけど,
今後 佑真とは しゃべんないで｡,
べつに 国見と上里さんが つきあってるのを,
邪魔してるつもりはないんだけど｡,
そういう意味じゃなくて｡,
病院送り事件のこと みんな知ってる｡,
ああ 病院送り事件ね｡,
ｸﾗｽで浮いてる梓川なんかと 一緒にいると,
佑真の株が下がるから 佑真がかわいそうだから｡,
その理屈だと 現在進行形で 上里さんも,
株が大暴落してるけど いいわけ？,
ｹﾝｶ売ってんの？ 買ってるんだよ｡,0
そんなにｲﾗｲﾗして 生理か？,
んな… 死ね ﾊﾞｶ 絶対死ね！,
ありえない 最低！,
《結局のところ… 毎日 口癖のように,
つまらないとか おもしろいことないかなとか,
言ってるくせに 本当は みんな 変化なんか求めてないんだ》,
≪あれ ぜってえ 桜島麻衣だよな｡,0
え？ ほら｡,
ぜってえ そうだって！ 一応 撮っとこうか｡,0
え？,
もうちょっと こっち向かねえかな｡,
ん？ あ？,
なんだよ お前｡,0
人間ですが そっちは 盗撮野郎ですか？,2
なっ… お前！ やめなってば｡,0
行こうよ｡ ﾁｯ なんだよ あいつ｡,0
いいだろ べつに｡,
ありがと｡ え？,
余計なことしないでって 怒られるとでも思った？,
はい｡ それは思うだけで我慢してる｡,
だったら それも 言わないでほしかった｡,
ああいうのは慣れてるから｡,
慣れても 何かが すり減るもんでしょ｡,
すり減る… 確かに そのとおりね｡,
[℡],
出なくていいんですか？ [℡],2
電車来たし｡ それに あの人の用件はわかってる｡,
昨日のあれですけど…｡ 忘れなさいと忠告したわよね｡,2
あのﾊﾞﾆｰ姿はｴﾛすぎて 忘れるのは無理でした｡,
ちょ ちょっと 私を想像して 変なことしてないでしょうね！,
べつに 年下の男の子に ｴｯﾁな想像されるくらい,
私は平気だけどね｡,
ねぇ 梓川くん｡,
名前 覚えててくれたんですね｡,2
君のうわさ 見たわよ｡,
暴力事件を起こして 同級生３人を 病院送りにしたとか｡,
興味を持ってもらえて光栄です｡,2
すごいわよね こんな 一個人の情報まで,
堂々と さらされるんだから｡,
ここまで書かれてるとは 知りませんでした｡,
自分で調べたりはしないんだ｡,
ｽﾏﾎを持ってないんで｡ ﾎﾝﾄに？,
前は使ってたけど,
むしゃくしゃして 海に投げ捨てました｡,
ｺﾞﾐは ｺﾞﾐ箱に捨てなさい｡,
君 友達いないでしょ？,
友達なら ２人もいます｡,2
２人は ｢も｣かしら？,
友達なんて ２人いれば 十分だと僕は思いますけどね｡,2
そいつらと 一生 友達すればいいんだし｡,
ふん…｡ で 先輩は どう思ったんですか？,2
病院送り事件のうわさのこと｡,
少し考えれば わかるでしょ｡,
そんな大事件起こした人間が,
平気な顔して 高校に通えるわけがない｡,
そのｾﾘﾌ ｸﾗｽの連中に 聞かせてあげたいな｡,
違うなら違うって 自分で言いなさい｡,
うわさって 空気みたいなものじゃないですか｡,2
最近じゃ 読まなきゃ いけないことになってる空気｡,
読めないだけで ﾀﾞﾒなやつ扱いされる空気｡,
あれって その空気をつくってる 本人たちに,
当事者意識なんてないから｡,
空気と戦うなんて ばかばかしいですって｡,2
だから誤解は そのままにして,
戦う前から諦めるんだ｡,
次は 先輩が話してくれる番です｡,2
昨日のあれは何だったんですか？,2
私 ６歳で芸能界にﾃﾞﾋﾞｭｰしたの｡,
朝ﾄﾞﾗの主役に抜擢されてからは,
ﾃﾚﾋﾞに映画 … ずっと人目に さらされてきた｡,
ﾃﾚﾋﾞで桜島麻衣を見かけない日は ありませんでした｡,
最初の頃は楽しかったわ｡,
でも だんだんつらくなってきた｡,
どこに行っても あの桜島麻衣って言われて,
注目されて… それで いつからか 願うようになったの｡,
私のことを誰も知らない世界に 行きたいって｡,
私のことが見えてない人が いるって 最初に気づいたのは,
４連休の初日｡,
なんとなく気まぐれで 水族館に行ったの｡,
１人で？ 悪い？,
⦅えっ ｳｿ ﾎﾝﾄ？⦆,
最初は 気のせいだと思った｡,
みんな 魚を見るのに 夢中だったからね｡,
でも 帰りがけに入った 喫茶店で…｡,
⦅あの すみません｡,
すみません｡,
いらっしゃいませ⦆,
実は 前に出禁をくらうほど 何かやらかした店だったとか？,
そんなわけないでしょ｡,
先輩 足｡,
足がどうかしたの？,
いえ 踏んでもらえて幸せです｡,2
とにかく その喫茶店から,
逃げ出すように 帰ってきたんだど,
藤沢に着いたら みんな普通に 私のこと見えてた｡,
だから 他の場所でも 同じことが起きないか,
調べて回っていたの｡,
それでﾊﾞﾆｰｶﾞｰﾙ…｡,
この格好なら 見えてたら 見るでしょ｡,
今日も どこかで,
野生のﾊﾞﾆｰｶﾞｰﾙを するつもりだったんですか？,2
そう だから 邪魔しないで｡,
ｸﾘｰﾑﾊﾟﾝ１つください｡,2
すみません ｸﾘｰﾑﾊﾟﾝ１つください｡,2
すみません ｸﾘｰﾑﾊﾟﾝ｡ はい １つ？,
はい １つで｡,
本当は少しだけ 困ってたりしませんか？,
そうね ここのｸﾘｰﾑﾊﾟﾝが 食べられないのは困るわ｡,
でも… 君は私の頭のいかれた話を 信じるの？,
そういう話をなんて呼ぶのか 僕は知ってるんで｡,1
思春期症候群… ですよね｡,2
思春期症候群ねぇ｡,
他人の心の声が聞こえたとか 誰々の未来が見えたとか,
誰かと誰かの人格が 入れ替わったとか｡,
そういうたぐいの うわさ話のことを,
誰が言い出したのか,1
思春期症候群と 呼ぶようになった｡,
そんなのただの都市伝説じゃない｡,
ここは？ 僕のﾏﾝｼｮﾝです｡,2
何もしませんよ｡,
僕が先輩を信じてることを 信じてもらうために,
見せたいものがあります｡,2
ふん きれいにしてるんだ｡,
先輩は…｡ その先輩っていうの やめて｡,
君の先輩になった覚えはないし｡ 桜島さん？,
名字は長いでしょ｡ じゃあ 麻衣｡,
｢さん｣をつけなさい｡ では 麻衣さん｡,
君は梓川ってｲﾒｰｼﾞじゃないし 咲太くんって呼ぶから…｡,
ど どうして脱ぐの!? 何もしないって言ったじゃない！,
不潔 変態 露出狂！,
本物よね？,
こんな特殊ﾒｰｸをしてるﾊﾞｶが いると思いますか？,2
さわっていい？ どうぞ｡,
ｵｩ…｡ 変な声出さないで｡,
そこ敏感なんで やさしくお願いします｡,2
こう？ すごく気持ちいいです｡,2
ｲﾀｯ 痛い 離して！,
喜んでるようにしか見えない｡,
で どうしたら こんな傷が？,
それが よくわかんなくて…｡,
妹のかえでです｡,2
べつに 暴行されたわけじゃないです｡,2
ただ ﾈｯﾄでいじめられただけで｡,
言ってる意味がわかんない｡,
ﾒｯｾｰｼﾞを既読ｽﾙｰしたとかで｡,
ｸﾗｽのﾘｰﾀﾞｰ格の女子から 嫌われて,
のｺﾐｭﾆﾃｨで 悪口を書かれまくったんです｡,2
そしたら ある日…｡,
⦅おかえり｡,
お兄ちゃん…｡ ん？ どした？⦆,
これが 思春期症候群が実在すると 僕が信じる理由です｡,2
その傷も そのときに？,
理由は さっぱりわかりません｡,
朝起きたら 血まみれで 病院に運ばれて…｡,
それが病院送り事件の真相？,
ええ 僕が病院に送られたんです｡,2
お兄ちゃん いるんですか？,2
ご ごめんなさい！,
ﾃﾞﾘﾊﾞﾘｰの玄人のお姉さんを 呼ぶなら,
先に言っておいてください！,2
かえで お前は 壮大な勘違いをしてるぞ｡,0
じゃあ 壺を 買わされてるんですか？,2
買わされてない｡,
英会話の教材を…｡ 勧められてもいないから,
安心しろ｡ この人は学校の先輩だ｡,
桜島麻衣です はじめまして｡,2
えと はじめまして 梓川かえでです だそうです｡,2
この子は なすのです だそうです｡,2
教えてくれて ありがとう かえでちゃん｡,
あっ…｡,
すみません 極度の人見知りで 今は学校にも行っていない,
お家大好き少女なので｡ 私のことは知らないのね｡,
それは… あんまりﾃﾚﾋﾞを見ないから｡,
かえでの場合は ﾈｯﾄ環境から 距離を置くことで,
思春期症候群の症状は おさまりました｡,
だから 僕もｽﾏﾎを 海に捨てたんです｡,2
で 私の場合も 似たようなものだって,
言いたいの？ だって麻衣さん,
学校では見事に 空気を演じてるじゃないですか｡,2
だから これ以上 状況を悪化させないように,
麻衣さんは芸能界に戻るのが いいと思うって話です｡,2
なによ それ｡ ﾃﾚﾋﾞで目立ちまくれば,
いくら麻衣さんが 空気を演じても,
周りが放っておかなくなるでしょ｡,
それに 麻衣さんも 芸能界に 戻りたがってるみたいだし｡,
いつ私が そんなこと言った？ だって さっき電車の中で,
映画の広告を恨めしそうに 見てたじゃないですか｡,2
したいことをすればいいと 僕は思う｡,
実力も実績もあるんだし,
復帰を望んでるﾏﾈｰｼﾞｬｰさんもいる｡ あの人は関係ない｡,
余計な口を出さないで｡,
あっ ﾄｲﾚなら…｡ 帰るのよ｡,
待って これ…｡ あげる！,
《それ以来 麻衣さんは 学校に来なくなった｡,
僕は 何かとてつもない地雷を 踏んでしまったらしい｡,
麻衣さんの ふれてはならない部分に》,
ﾊｧ…｡,
なぁ 国見 桜島麻衣が 活動休止を宣言した理由って,
知ってるか？ 表向きには,
勉強に専念するため じゃなかったか？,
梓川 例の女子ｱﾅ また来てるぞ｡,
お久しぶり｡ どちらさまでしたっけ？,
なるほど そうくるか｡,
では はじめまして 私は こういう者です｡,2
今日は何の用ですか？,2
生しらすの取材で 近くまで来たの｡,
夕方からｵﾌだから 会いにきちゃった｡,
ご注文は？ 咲太くんをお持ち帰りで｡,
頭がおかしいようなので,
ご注文は 救急車１台でよろしいですね｡,2
事件のこと まだ話す気になれない？,
一生なりません｡ 胸の傷,
１枚写真を撮らせてくれるだけで いいんだけど｡,
嫌です｡,2
南条さんは 桜島麻衣が 活動休止した理由を,
知ってたりします？ ん？,2
少なくとも 一般人が知らないようなこと,
知ってると思うわよ｡,
最近は桜島先輩に ご執心だそうじゃない｡,
牧之原翔子のことは 吹っ切れたんだ｡,
国見といい なんで そこに結びつける｡,
砂糖は お好みで｡,
大丈夫だろうな これ｡ 中身は たぶん砂糖だよ 白いし｡,0
それで 聞きたいことって？,
あのさ 双葉 人が見えなくなるって,
あると思うか？ 視力が心配なら眼科に行けば？,
そういう問題じゃなくて｡,
そこにいるのに 見えないっていうか,
透明人間になる的な｡ 女子ﾄｲﾚにでも,
忍び込もうとしてるわけ？ さすが梓川 ﾌﾞﾀ野郎だね｡,
ｽｶﾄﾛ趣味はない｡,
思春期症候群の話なら 前に言ったと思うけど,
私は否定的な立場だよ｡ 知ってる｡,0
理屈に合わないんだろ｡,
だから 理屈に合う説明がほしくて 来た｡,
例えば こうして双葉の前に 座っている僕が,
双葉から見えなくなるというのは 理論的に可能なのか？,1
私が何かに没頭するか ﾎﾞｰｯとすればいい｡,
人間の脳は 見たくないものは 見ようとしない｡,
確かに でも そういうのではなく｡ 観測理論というのもある｡,
観測理論？ この世の中にあるものは,
誰かが観測して 初めて存在が確定する,
という理論だ｡ 梓川も 箱の中の猫の話くらい,
聞いたことあるでしょ｡ ああ たしか…｡,
ｼｭﾚﾃﾞｨﾝｶﾞｰの猫｡,
《桜島麻衣は 芸能界では確かに存在し,
みんなから観測されていた》,
ｸﾘｰﾑﾊﾟﾝ１つください｡ はい ｸﾘｰﾑﾊﾟﾝね｡,2
あの 桜島麻衣って 知ってますか？,2
え？ ほら 朝ﾄﾞﾗの子役でﾃﾞﾋﾞｭｰして,
ﾌﾞﾚｰｸした 桜島麻衣ですよ｡ 桜島？,2
そんな人 いましたっけ？,
《観測されなくなる ということは,
見えなくなる ということだけじゃなくて,
つまりは その存在さえも…》,
やっと帰ってきた｡,
ﾊｧ… そんなに僕に 会いたかったですか？,2
お腹減ったなぁ｡ 性格悪い｡,
まあまあ自覚してます｡,2
いつから腹ﾍﾟｺｷｬﾗに 転身したんですか？,2
買い物ができないの｡,
この２週間で どんどん 私のこと見えない人が,
多くなってきて 藤沢駅周辺は,
もう全然ﾀﾞﾒ｡,
とりあえず これ 食べますか？,2
《｢５月６日 野生のﾊﾞﾆｰｶﾞｰﾙに出会った｣｡,
これがきっかけで これが出会い｡,
忘れられるわけがない｡,
忘れても絶対思い出せ｡,
その日 死せる太陽が あまねく国々の上にあった,
これは…,
アア…,
「黙示録」いわく “５度 太陽が死せるとき―”,
“新しき古き名の都の西に 赤き湖が現れる”,
“それは すなわち ５番目の御使いが舞い降りし証し”,
“御使いは 闇の鷹なり”,
“罪深き黒き羊たちの 主にして―”,
“盲目の白き羊たちの王”,
“世界に 暗黒の時代を―”,
“呼ぶ者なり”,
ヘヘヘッ… お仕事の時間だぜ,0
おい 小僧！,
酒だ 酒！,
グッ… ンンッ… 早くしろ！,
くっそ… なんで俺さまが,
こっちのメシは どうしたよ？,
うっせえな！ 急がすんじゃねえよ,
ワッ！ 危ねえ！ うん？,
チョロチョロ動くんじゃねえよ 当たらねえだろうが,
ワッ！,
おらおら！ さっさと次いけ 次！,
上等だよ このタコ！ ほどきやがれ,0
動脈かみ切ったらぁ！,
その減らず口に たたき込んでやるぜ,0
ウワッ！ ヤダヤダヤダ！,
おい ああ？,
俺に 死体 片づけさせるつもりか？ それが？,
傭兵団って聞いたから ついてきたのに―,
やってることは ゴロツキの盗賊じゃねえか,
俺は 剣で成り上がりてえの！,
ああ？,
とにかく これ以上 こんなことやってられっか,
ウッ！ アアッ！,
アアッ！,
生意気 抜かしてんじゃねえぞ このクソガキが！,
そこまでタンカ切っておいて 無事に出ていけると思ってんのか！,1
ちっくしょう この野郎…,
次は てめえが的だ ヒッ…,
おい ああ？,
ジャマだからさ どいてくれねえかな？,
ああ？ てめえ 誰に向かって口を利いて…,
ヒイッ…,
てめえ！ ふざけやがって！,
ウワッ！,
なっ…,
ハッ…,
アア…,
騒いで悪かったな,
あと これに水を満タンで頼む ラム酒も１瓶,
へ… へい,
うん？,
オッ？,
やっと見つけた！,
ヘヘヘッ…,
助けたら助けっぱなしはねえ 最後まで責任持てよ,
うん…,
あっ… ねえねえ,
この重そうな塊 なに？,
あ…,
俺 パックっつうの！ よろしく,2
俺 旅芸人の一座にいたんだけど,
それが あの盗賊どもに襲われちゃってさ,
それ以来 九官鳥のカゴにぶち込まれるわ,
酒瓶に漬けられるわ 生きてるのが不思議だわ まったく,
うん… うんと！,
あの盗賊ども 近くに 仲間が たくさんいるはずだよ,0
腕利きの連中が別にいるんだ,
あんた 早く逃げないと 大変なことになるかも！,
オワッ！,
あっちい！ 何すんだよ こんにゃろう！,0
あんまりペラペラ話しかけるな,
ウッ…,
つぶすぞ アアッ…,
フン…,
ハァハァ…,
あいつ…,
ハァハァ…,
ヤベッ… 迷ったかも,
乗らんかね？ 夜に こんな雨じゃ大変だろう,
いいよ 行ってくれ,
遠慮することはない うちの娘も そう望んでる,
俺は あんたらのために言ってるんだぜ,0
取りつかれてるんだよ 俺は… 悪霊に,0
フッ… そりゃ難儀だな,0
じゃが 心配しなさんな わしには神さまがついとる,
幸運のスピリットもな,
べっ！,
さあ 乗った乗った,
ヘヘッ… 黒い義手の男ねえ,
ウソじゃねえよ！,
ホント バケモンみてえに強えんだって,
そんなに ほえんなって もう分かったからよ,
だから 腕利き人ほど 呼び戻して 待ってんだろう,
すぐ始末つけてやるぜ,0
それにしても もうちょっと まともな集合場所なかったのかよ？,0
ああ？ 知ってるか？ お前ら,0
何を？ ここいら一帯は 昔―,
森の精霊を 信仰する邪教徒どもの住みかでな,
邪教徒？ なんでも そいつら,
人間の はらわたを 木にクイで打ちつけて―,
その周りを１周させるっていう いけにえの儀式をやってたんだとよ,
こいつは そのひとつだ,
妙な冗談は やめろよ…,
ただでさえ 何か出そうな所なんだからよ,1
化け物が出るってウワサもあるぜ この森にゃ,0
化け物？,
今の世の中 どこへ行っても 戦だの 天災だので―,
死体なんぞ その辺にゴロゴロしてるぜ,0
魑魅魍魎のたぐいだって 湧いて出るかもしれねえ,
アアッ…,
んだよ？ 俺のほうが先に乗ったんだからな,0
文句言われる筋合いねえからな,
ウワッ！ ウッ…,
良かったら どうぞ,
うちで作ったブドウ酒,
温まりますよ,2
要らねえよ でも…,
夜はな いろいろとヤバイんだよ,0
あっ…,
人の厚意をムダにするなよ もう… じゃ 俺によこせ,
ヘブシッ…,
あの… 戦の傷ですか？ かみつかれたのさ 悪霊に,2
まさか… ホントに？,
おいおい あんまり娘を脅かさんでくれよ,
あんた 名前は？,
ガッツ,
わしはアドルフ その子はコレット,
それにしても あんた その背にした物は もしや…,
ふむ… まあいい,
ところで さっき見てたよ 酒場で,
乱暴はよくないが エルフの子供を助けたのは貴い,
悪い人間じゃなさそうだ フフッ…,
傭兵か？ あんた ウワッ…,
まあ そんなもんだ あまり感心せんな,
人を殺めて 金を受け取る商売なんぞは…,
いや たとえ 人助けのためだろうと そう簡単に人を殺めるもんじゃない,
チッ… これだから坊さんはイヤなんだ,1
そう言いなさんな,
わしの甥も剣で身を立てると言って 家を飛び出してな,
５年前 戦場で命を落としたんだ 名もない 一兵士として,
生きていれば 所帯でも持って―,
それなりの幸せを手にすることも できたろうに… 愚かなことだ,
いいじゃねえか,
どんなことだろうと―,
やりたいようにやって 死んだんだろう,
幸せ者だぜ そいつは,0
アア…,
もっとも 死んじまったら そこまでだけどな,
そこから先はないさ ン…,
悪いが 少し寝かせてもらうぜ,0
あっ… 風邪ひきますから,2
ハァハァ ハァハァ…,
ンンッ…,
ンッ…,
逃げられはしない,
ハッ…,
ウワーッ！,
ウオーッ！,
グリフィス！,
うん？,
ウワーッ！ オオッ…,
ちょっと どうしたの？,
ドウ！ ドウ！,
ヒッ…,
何だ？ こいつは 夢魔だ,
人に悪夢を見せ その恐怖を食らう悪霊だ,
悪霊って… それじゃ お前さんが言ってたことは…,0
神さまは信じられても 悪霊はダメか？,
なんで こんなのが…,
こいつが ヤツらを呼び寄せるんだ,
烙印？ ウッ…,
どうした？,
出てくるな,
夢魔は 人間の死体から生まれる この辺りは 古い戦場なんだろう？,1
悪霊は 死体に取りついて襲ってくるんだよ,0
夢魔が出るってことは もっと ヤバイやつもいるかもしれねえ,1
うん？,
ドウ… ドウ！,
バカ野郎 戻れ！ でも…,
アッ…,
ハッ…,
コレット！,
アア…,
逃げたほうがいいよ 行きたきゃ勝手に行け,
なんで！？ ムチャだ,
こんなに いっぱい… 殺されちゃうよ！,
いつものことさ,
それは 剣というには あまりに大きすぎた,
大きく 分厚く 重く そして 大ざっぱすぎた,
それは正に―,
鉄塊だった,
すんげえ… ウワーッ！,
あっ… どうしたの？ おっさん,
アッ… アア…,
ウワーッ！ ガッツ！ うるせえ 今取り込み中だ,
ハッ…,
ガッツ…,
ウウッ…,
ハッ…,
ウエッ…,
ウオーッ！,
チッ… 結局 人か,
文句言うな １人相手に これでも十分すぎるぜ,0
お… おい ちょっと待て,
何か様子が変だぜ ああ？,0
オッ… 何だ？ ありゃ,
おい お前らやったってのは あい…,0
ヒイッ！,
ハッ…,
ハッ…,
ウワッ！,
ウワーッ！,
何だ？ こりゃ,
クッ… ンンッ…,
ウワッ！ ガッツ！,
ウオーッ！,
湿気ってて 薪にゃ使えねえな！,
ハッ…,
あんたのせいじゃないよ…,
フフッ… えっ？,
フフフフッ… ああ そうさ そのとおりだぜ,0
他人の戦いに 巻き込まれて死ぬのは 雑魚だ,
自分の命さえ自由にできないのなら,
死んじまえってな,
ウッ…,
あの２人には 俺という災いから 身を守る力がなかった,
それだけのことさ,
アリを踏みつぶすことを 気にしてたら―,
歩くこともできやしねえんだ,
ハッ…,
ムダだよ 逃げられないよ,0
どこへ行こうと… 私たちは いるんだ,
いつまでも お前の周りに…,0
逃げられないよ いつまでも見ているぜ,0
お前は俺のものだ 私たちのものだ,0
あなたの血も肉も骨も,
耳だ 目だ,
心臓だよ,0
心臓が欲しい,
烙印があるかぎり…,
そうさ その烙印があるかぎり…,
逃げられはしない,
どこにいようと… お前は私たちのもの,0
お前の怒りも 悲しみも 黙れ…,0
苦痛も 黙れ,
お前の恐怖も,0
全て私たちのもの,
黙れーっ！,
これが…,
ガッツの世界,
ハッ…,
あっ…,
ついに追い詰めたぞ 黒い剣士！,
